OASIS Pool 1 Contractor Name,OASIS Pool 1 Contract Number,DUNS Number,COCM Name,COCM Phone,COCM Email,COPM Name,COPM Phone,COPM Email,8(a),HUBZone,SDVOSB,WOSB
Addx Corporation,GS00Q14OADS201,39872622,Lynna S. Hood,571-257-4785,lhood@addxcorp.com,John Millward,571-236-0477,jmillward@addxcorp.com,,,√,
"Daniel Eke & Associates, P.C.",GS00Q14OADS202,793165119,Daniel Eke,301-587-4074,eke@de-a.com,Daniel Eke,301-587-4074,eke@de-a.com,,,,
"DRT Strategies, Inc.",GS00Q14OADS203,142428783,Geoffrey McDermott,571-482-2502,gmcdermott@drtstrategies.com,Mike Duffy,571-482-2510,mduffy@drtstrategies.com,√,,,
"FI Consulting, Inc. dba FI Consulting",GS00Q14OADS204,126150056,Andrew Eastman,571-255-6771,eastman@ficonsulting.com,Karen Cavallo Miller,571-255-6876,cavallomiller@ficonsulting.com,,,,
"Fors Marsh Group, LLC",GS00Q14OADS205,129842667,"Patrick T. Samsel, Esq.",571-303-2895,OASISSB@forsmarshgroup.com,Ben Garthwaite,571-858-3799,OASISSB@forsmarshgroup.com,,,,
"Hamilton Enterprises, LLC dba Franklin and Turner International",GS00Q14OADS206,825487130,Nazim Hamilton,202-204-2238,Nazim.Hamilton@usfti.com  ,Nazim Hamilton,202-204-2238,Nazim.Hamilton@usfti.com  ,√,,,
"Miracle Systems, LLC",GS00Q14OADS207,133239397,Sandesh Sharda,571-331-1355,ssharda@miraclesystems.net,David Stack,937-673-6754,dstack@miraclesystems.net,√,,,
"RM Advisory Services, LLC",GS00Q14OADS208,609732198,John Lacey,571-480-4973,john.lacey@rmadvisory.com,John Glass,703-850-2352,johnglass@rmadvisory.com,,,,
"Ruchman and Associates, Inc.",GS00Q14OADS209,101456903,James Liang,301-776-5000,info@ruchman.com,James Liang,301-776-5000,info@ruchman.com,,,,
